index,x,y,x_end,y_end
output/img0.jpg,0,1,100,101
output/img1.jpg,0,30,350,380
output/img2.jpg,0,4,100,104
output/img3.jpg,100,103,350,353
output/img4.jpg,109,156,309,356
output/img5.jpg,109,1,359,251
output/img6.jpg,110,320,160,370
output/img7.jpg,110,34,260,184
output/img8.jpg,110,86,260,236
output/img9.jpg,113,115,213,215
output/img10.jpg,114,16,264,166
output/img11.jpg,116,46,216,146
output/img12.jpg,116,85,266,235
output/img13.jpg,117,83,267,233
output/img14.jpg,11,11,311,311
output/img15.jpg,124,148,324,348
output/img16.jpg,125,37,375,287
output/img17.jpg,126,134,326,334
output/img18.jpg,126,149,376,399
output/img19.jpg,129,39,379,289
output/img20.jpg,130,186,330,386
output/img21.jpg,135,310,185,360
output/img22.jpg,136,153,336,353
output/img23.jpg,13,108,263,358
output/img24.jpg,140,141,390,391
output/img25.jpg,140,212,240,312
output/img26.jpg,143,261,193,311
output/img27.jpg,144,209,244,309
output/img28.jpg,144,98,344,298
output/img29.jpg,147,275,247,375
output/img30.jpg,14,38,364,388
output/img31.jpg,155,11,255,111
output/img32.jpg,161,240,311,390
output/img33.jpg,161,42,361,242
output/img34.jpg,163,140,363,340
output/img35.jpg,164,7,314,157
output/img36.jpg,16,14,66,64
output/img37.jpg,16,17,316,317
output/img38.jpg,16,3,266,253
output/img39.jpg,176,126,326,276
output/img40.jpg,177,158,377,358
output/img41.jpg,17,21,367,371
output/img42.jpg,17,8,367,358
output/img43.jpg,17,98,267,348
output/img44.jpg,17,9,317,309
output/img45.jpg,182,149,382,349
output/img46.jpg,183,175,333,325
output/img47.jpg,192,17,242,67
output/img48.jpg,196,100,296,200
output/img49.jpg,198,196,398,396
output/img50.jpg,19,44,69,94
output/img51.jpg,200,279,300,379
output/img52.jpg,200,332,250,382
output/img53.jpg,206,97,256,147
output/img54.jpg,209,149,359,299
output/img55.jpg,209,48,309,148
output/img56.jpg,20,110,170,260
output/img57.jpg,20,42,170,192
output/img58.jpg,20,58,270,308
output/img59.jpg,212,286,262,336
output/img60.jpg,214,6,364,156
output/img61.jpg,22,18,372,368
output/img62.jpg,22,4,122,104
output/img63.jpg,232,249,282,299
output/img64.jpg,23,39,373,389
output/img65.jpg,242,316,292,366
output/img66.jpg,243,153,293,203
output/img67.jpg,243,2,393,152
output/img68.jpg,255,196,305,246
output/img69.jpg,25,37,375,387
output/img70.jpg,25,52,175,202
output/img71.jpg,261,29,311,79
output/img72.jpg,261,31,361,131
output/img73.jpg,26,29,376,379
output/img74.jpg,270,247,370,347
output/img75.jpg,274,216,374,316
output/img76.jpg,279,325,329,375
output/img77.jpg,279,83,379,183
output/img78.jpg,27,146,277,396
output/img79.jpg,27,4,327,304
output/img80.jpg,288,117,388,217
output/img81.jpg,298,152,348,202
output/img82.jpg,2,35,352,385
output/img83.jpg,329,81,379,131
output/img84.jpg,32,47,232,247
output/img85.jpg,331,3,381,53
output/img86.jpg,34,89,284,339
output/img87.jpg,36,163,136,263
output/img88.jpg,36,28,286,278
output/img89.jpg,36,8,386,358
output/img90.jpg,37,43,337,343
output/img91.jpg,37,47,237,247
output/img92.jpg,38,72,338,372
output/img93.jpg,39,13,389,363
output/img94.jpg,41,13,391,363
output/img95.jpg,44,11,394,361
output/img96.jpg,45,27,345,327
output/img97.jpg,45,33,395,383
output/img98.jpg,46,20,396,370
output/img99.jpg,46,249,96,299
output/img100.jpg,47,186,247,386
output/img101.jpg,47,224,197,374
output/img102.jpg,48,102,298,352
output/img103.jpg,48,8,398,358
output/img104.jpg,50,144,300,394
output/img105.jpg,50,40,250,240
output/img106.jpg,50,4,350,304
output/img107.jpg,50,81,300,331
output/img108.jpg,51,88,351,388
output/img109.jpg,52,50,302,300
output/img110.jpg,52,52,252,252
output/img111.jpg,54,100,254,300
output/img112.jpg,54,83,304,333
output/img113.jpg,56,27,206,177
output/img114.jpg,59,131,109,181
output/img115.jpg,5,27,305,327
output/img116.jpg,61,174,261,374
output/img117.jpg,61,59,361,359
output/img118.jpg,62,96,362,396
output/img119.jpg,64,18,364,318
output/img120.jpg,64,30,364,330
output/img121.jpg,64,33,364,333
output/img122.jpg,65,41,215,191
output/img123.jpg,71,149,321,399
output/img124.jpg,71,66,371,366
output/img125.jpg,73,48,373,348
output/img126.jpg,74,62,174,162
output/img127.jpg,78,6,378,306
output/img128.jpg,7,37,357,387
output/img129.jpg,80,120,330,370
output/img130.jpg,81,19,281,219
output/img131.jpg,84,88,384,388
output/img132.jpg,88,25,288,225
output/img133.jpg,8,28,358,378
output/img134.jpg,8,2,108,102
output/img135.jpg,8,40,358,390
output/img136.jpg,8,8,358,358
output/img137.jpg,95,23,245,173
output/img138.jpg,9,60,159,210
output/img139.jpg,9,76,309,376
output/img140.jpg,0,244,130,374
output/img141.jpg,101,186,191,276
output/img142.jpg,101,234,151,284
output/img143.jpg,103,3,193,93
output/img144.jpg,104,307,154,357
output/img145.jpg,104,39,234,169
output/img146.jpg,105,117,235,247
output/img147.jpg,106,326,156,376
output/img148.jpg,106,93,196,183
output/img149.jpg,107,49,197,139
output/img150.jpg,112,58,242,188
output/img151.jpg,113,58,243,188
output/img152.jpg,114,250,244,380
output/img153.jpg,119,296,209,386
output/img154.jpg,122,87,172,137
output/img155.jpg,123,110,213,200
output/img156.jpg,123,123,253,253
output/img157.jpg,123,190,233,300
output/img158.jpg,124,128,174,178
output/img159.jpg,124,312,194,382
output/img160.jpg,125,36,235,146
output/img161.jpg,129,19,219,109
output/img162.jpg,12,195,122,305
output/img163.jpg,134,93,264,223
output/img164.jpg,139,258,189,308
output/img165.jpg,142,302,192,352
output/img166.jpg,142,52,192,102
output/img167.jpg,143,98,213,168
output/img168.jpg,145,46,275,176
output/img169.jpg,145,57,195,107
output/img170.jpg,146,72,196,122
output/img171.jpg,147,127,237,217
output/img172.jpg,147,36,217,106
output/img173.jpg,149,261,259,371
output/img174.jpg,153,184,223,254
output/img175.jpg,154,87,264,197
output/img176.jpg,155,122,225,192
output/img177.jpg,155,183,245,273
output/img178.jpg,156,129,246,219
output/img179.jpg,158,196,248,286
output/img180.jpg,15,89,105,179
output/img181.jpg,161,50,291,180
output/img182.jpg,161,61,291,191
output/img183.jpg,164,45,234,115
output/img184.jpg,166,160,236,230
output/img185.jpg,169,120,279,230
output/img186.jpg,16,14,66,64
output/img187.jpg,170,157,300,287
output/img188.jpg,170,47,240,117
output/img189.jpg,176,157,306,287
output/img190.jpg,179,94,289,204
output/img191.jpg,180,79,290,189
output/img192.jpg,181,280,271,370
output/img193.jpg,183,31,313,161
output/img194.jpg,185,170,255,240
output/img195.jpg,185,329,255,399
output/img196.jpg,186,17,276,107
output/img197.jpg,188,308,278,398
output/img198.jpg,189,171,319,301
output/img199.jpg,191,282,261,352
output/img200.jpg,195,7,265,77
output/img201.jpg,19,144,129,254
output/img202.jpg,19,156,109,246
output/img203.jpg,205,96,315,206
output/img204.jpg,206,188,296,278
output/img205.jpg,208,72,338,202
output/img206.jpg,209,50,319,160
output/img207.jpg,20,279,70,329
output/img208.jpg,212,110,342,240
output/img209.jpg,217,256,327,366
output/img210.jpg,217,298,287,368
output/img211.jpg,219,265,329,375
output/img212.jpg,21,179,71,229
output/img213.jpg,221,135,331,245
output/img214.jpg,223,151,333,261
output/img215.jpg,223,252,313,342
output/img216.jpg,225,207,355,337
output/img217.jpg,225,208,275,258
output/img218.jpg,226,190,316,280
output/img219.jpg,226,25,276,75
output/img220.jpg,228,33,358,163
output/img221.jpg,232,227,302,297
output/img222.jpg,233,205,343,315
output/img223.jpg,234,307,284,357
output/img224.jpg,235,132,365,262
output/img225.jpg,236,160,366,290
output/img226.jpg,239,127,349,237
output/img227.jpg,240,16,290,66
output/img228.jpg,242,139,332,229
output/img229.jpg,243,166,313,236
output/img230.jpg,244,140,294,190
output/img231.jpg,244,203,334,293
output/img232.jpg,246,144,356,254
output/img233.jpg,247,25,317,95
output/img234.jpg,247,39,317,109
output/img235.jpg,247,61,377,191
output/img236.jpg,249,259,319,329
output/img237.jpg,251,258,301,308
output/img238.jpg,252,269,382,399
output/img239.jpg,252,38,302,88
output/img240.jpg,253,183,323,253
output/img241.jpg,257,191,367,301
output/img242.jpg,265,204,375,314
output/img243.jpg,266,157,356,247
output/img244.jpg,267,195,357,285
output/img245.jpg,269,288,359,378
output/img246.jpg,26,136,136,246
output/img247.jpg,26,209,96,279
output/img248.jpg,26,250,116,340
output/img249.jpg,26,55,136,165
output/img250.jpg,271,107,341,177
output/img251.jpg,271,332,321,382
output/img252.jpg,279,125,389,235
output/img253.jpg,280,137,370,227
output/img254.jpg,280,180,370,270
output/img255.jpg,281,92,391,202
output/img256.jpg,284,107,374,197
output/img257.jpg,284,279,334,329
output/img258.jpg,286,106,356,176
output/img259.jpg,286,204,336,254
output/img260.jpg,289,297,339,347
output/img261.jpg,298,2,368,72
output/img262.jpg,299,159,349,209
output/img263.jpg,29,159,79,209
output/img264.jpg,301,286,351,336
output/img265.jpg,303,204,393,294
output/img266.jpg,304,188,354,238
output/img267.jpg,308,185,358,235
output/img268.jpg,308,292,358,342
output/img269.jpg,30,36,140,146
output/img270.jpg,316,348,366,398
output/img271.jpg,319,20,389,90
output/img272.jpg,31,247,101,317
output/img273.jpg,323,341,373,391
output/img274.jpg,325,337,375,387
output/img275.jpg,328,63,398,133
output/img276.jpg,32,128,122,218
output/img277.jpg,32,166,102,236
output/img278.jpg,32,224,162,354
output/img279.jpg,32,46,102,116
output/img280.jpg,337,231,387,281
output/img281.jpg,33,274,103,344
output/img282.jpg,33,82,103,152
output/img283.jpg,34,118,164,248
output/img284.jpg,37,144,127,234
output/img285.jpg,38,189,128,279
output/img286.jpg,39,70,109,140
output/img287.jpg,3,26,113,136
output/img288.jpg,40,118,170,248
output/img289.jpg,40,152,130,242
output/img290.jpg,43,167,93,217
output/img291.jpg,43,58,153,168
output/img292.jpg,44,92,174,222
output/img293.jpg,45,42,135,132
output/img294.jpg,46,33,116,103
output/img295.jpg,46,73,156,183
output/img296.jpg,47,128,97,178
output/img297.jpg,48,253,158,363
output/img298.jpg,48,61,138,151
output/img299.jpg,49,10,179,140
output/img300.jpg,50,194,160,304
output/img301.jpg,51,300,141,390
output/img302.jpg,57,118,167,228
output/img303.jpg,59,139,129,209
output/img304.jpg,59,150,109,200
output/img305.jpg,59,189,169,299
output/img306.jpg,63,253,173,363
output/img307.jpg,64,112,154,202
output/img308.jpg,65,225,175,335
output/img309.jpg,67,205,177,315
output/img310.jpg,69,16,199,146
output/img311.jpg,69,321,139,391
output/img312.jpg,6,158,96,248
output/img313.jpg,74,149,144,219
output/img314.jpg,74,77,124,127
output/img315.jpg,78,69,208,199
output/img316.jpg,7,124,137,254
output/img317.jpg,7,286,77,356
output/img318.jpg,7,326,77,396
output/img319.jpg,81,166,151,236
output/img320.jpg,81,262,191,372
output/img321.jpg,82,122,132,172
output/img322.jpg,82,43,152,113
output/img323.jpg,83,11,173,101
output/img324.jpg,83,98,193,208
output/img325.jpg,86,242,196,352
output/img326.jpg,87,1,217,131
output/img327.jpg,88,142,178,232
output/img328.jpg,89,47,159,117
output/img329.jpg,91,289,201,399
output/img330.jpg,92,124,202,234
output/img331.jpg,92,33,222,163
output/img332.jpg,96,48,226,178
output/img333.jpg,97,127,147,177
output/img334.jpg,9,125,139,255
output/img335.jpg,100,20,190,110
output/img336.jpg,101,265,211,375
output/img337.jpg,101,307,171,377
output/img338.jpg,103,216,153,266
output/img339.jpg,112,215,202,305
output/img340.jpg,120,257,230,367
output/img341.jpg,121,154,231,264
output/img342.jpg,121,2,171,52
output/img343.jpg,122,212,172,262
output/img344.jpg,127,138,217,228
output/img345.jpg,130,209,180,259
output/img346.jpg,132,293,182,343
output/img347.jpg,133,304,223,394
output/img348.jpg,135,111,225,201
output/img349.jpg,136,281,226,371
output/img350.jpg,139,117,189,167
output/img351.jpg,142,120,232,210
output/img352.jpg,146,14,236,104
output/img353.jpg,147,130,257,240
output/img354.jpg,147,215,237,305
output/img355.jpg,147,238,257,348
output/img356.jpg,150,82,240,172
output/img357.jpg,156,190,266,300
output/img358.jpg,156,72,206,122
output/img359.jpg,158,250,248,340
output/img360.jpg,159,253,209,303
output/img361.jpg,159,71,229,141
output/img362.jpg,15,208,85,278
output/img363.jpg,160,288,270,398
output/img364.jpg,160,292,230,362
output/img365.jpg,162,113,232,183
output/img366.jpg,167,239,217,289
output/img367.jpg,169,321,219,371
output/img368.jpg,169,96,239,166
output/img369.jpg,172,191,282,301
output/img370.jpg,172,194,242,264
output/img371.jpg,173,289,243,359
output/img372.jpg,175,37,265,127
output/img373.jpg,178,216,228,266
output/img374.jpg,178,47,288,157
output/img375.jpg,182,106,272,196
output/img376.jpg,182,163,232,213
output/img377.jpg,182,254,292,364
output/img378.jpg,184,49,294,159
output/img379.jpg,185,236,235,286
output/img380.jpg,185,54,275,144
output/img381.jpg,185,88,235,138
output/img382.jpg,186,11,236,61
output/img383.jpg,187,142,297,252
output/img384.jpg,188,294,278,384
output/img385.jpg,191,68,301,178
output/img386.jpg,194,179,284,269
output/img387.jpg,195,23,285,113
output/img388.jpg,198,52,288,142
output/img389.jpg,19,95,89,165
output/img390.jpg,1,111,51,161
output/img391.jpg,200,204,250,254
output/img392.jpg,200,219,290,309
output/img393.jpg,201,177,271,247
output/img394.jpg,202,237,272,307
output/img395.jpg,208,252,278,322
output/img396.jpg,209,141,299,231
output/img397.jpg,20,28,70,78
output/img398.jpg,211,164,281,234
output/img399.jpg,212,215,302,305
output/img400.jpg,217,169,327,279
output/img401.jpg,218,85,308,175
output/img402.jpg,218,86,308,176
output/img403.jpg,222,227,292,297
output/img404.jpg,22,30,72,80
output/img405.jpg,230,251,340,361
output/img406.jpg,231,83,321,173
output/img407.jpg,233,164,323,254
output/img408.jpg,235,49,305,119
output/img409.jpg,237,240,327,330
output/img410.jpg,242,91,312,161
output/img411.jpg,247,29,337,119
output/img412.jpg,24,157,94,227
output/img413.jpg,250,120,340,210
output/img414.jpg,251,297,301,347
output/img415.jpg,254,290,304,340
output/img416.jpg,256,223,326,293
output/img417.jpg,259,253,369,363
output/img418.jpg,261,109,331,179
output/img419.jpg,262,128,312,178
output/img420.jpg,265,9,375,119
output/img421.jpg,266,81,356,171
output/img422.jpg,267,224,337,294
output/img423.jpg,267,91,337,161
output/img424.jpg,269,88,339,158
output/img425.jpg,272,321,322,371
output/img426.jpg,276,110,346,180
output/img427.jpg,278,267,348,337
output/img428.jpg,281,254,351,324
output/img429.jpg,281,256,371,346
output/img430.jpg,281,6,331,56
output/img431.jpg,284,114,394,224
output/img432.jpg,285,14,375,104
output/img433.jpg,286,128,356,198
output/img434.jpg,286,186,376,276
output/img435.jpg,287,43,337,93
output/img436.jpg,291,206,381,296
output/img437.jpg,2,149,52,199
output/img438.jpg,302,76,392,166
output/img439.jpg,307,82,377,152
output/img440.jpg,311,150,361,200
output/img441.jpg,314,307,384,377
output/img442.jpg,317,249,387,319
output/img443.jpg,318,200,368,250
output/img444.jpg,321,117,391,187
output/img445.jpg,324,170,394,240
output/img446.jpg,325,225,395,295
output/img447.jpg,33,151,123,241
output/img448.jpg,341,58,391,108
output/img449.jpg,343,314,393,364
output/img450.jpg,349,202,399,252
output/img451.jpg,35,240,125,330
output/img452.jpg,38,88,88,138
output/img453.jpg,44,74,114,144
output/img454.jpg,51,283,101,333
output/img455.jpg,52,228,142,318
output/img456.jpg,53,296,103,346
output/img457.jpg,57,320,107,370
output/img458.jpg,58,15,108,65
output/img459.jpg,63,183,153,273
output/img460.jpg,65,4,175,114
output/img461.jpg,67,121,137,191
output/img462.jpg,68,200,138,270
output/img463.jpg,68,3,138,73
output/img464.jpg,73,59,143,129
output/img465.jpg,75,294,145,364
output/img466.jpg,77,16,127,66
output/img467.jpg,77,338,127,388
output/img468.jpg,77,3,167,93
output/img469.jpg,8,265,78,335
output/img470.jpg,90,45,160,115
output/img471.jpg,97,282,187,372
output/img472.jpg,98,50,148,100
output/img473.jpg,9,333,59,383
output/img474.jpg,0,278,50,328
output/img475.jpg,102,182,192,272
output/img476.jpg,103,212,213,322
output/img477.jpg,108,16,198,106
output/img478.jpg,109,102,219,212
output/img479.jpg,110,47,180,117
output/img480.jpg,114,27,224,137
output/img481.jpg,115,88,165,138
output/img482.jpg,116,49,226,159
output/img483.jpg,117,160,227,270
output/img484.jpg,11,66,121,176
output/img485.jpg,120,168,190,238
output/img486.jpg,125,175,195,245
output/img487.jpg,127,204,217,294
output/img488.jpg,130,158,180,208
output/img489.jpg,131,160,201,230
output/img490.jpg,132,233,222,323
output/img491.jpg,132,265,222,355
output/img492.jpg,132,294,202,364
output/img493.jpg,133,190,203,260
output/img494.jpg,134,239,224,329
output/img495.jpg,135,311,185,361
output/img496.jpg,136,129,246,239
output/img497.jpg,13,0,103,90
output/img498.jpg,146,128,236,218
output/img499.jpg,14,173,84,243
output/img500.jpg,155,140,205,190
output/img501.jpg,155,48,245,138
output/img502.jpg,162,7,232,77
output/img503.jpg,164,301,254,391
output/img504.jpg,165,64,275,174
output/img505.jpg,166,39,256,129
output/img506.jpg,168,335,218,385
output/img507.jpg,169,280,259,370
output/img508.jpg,169,64,239,134
output/img509.jpg,171,107,241,177
output/img510.jpg,178,261,248,331
output/img511.jpg,17,178,107,268
output/img512.jpg,17,85,127,195
output/img513.jpg,180,117,230,167
output/img514.jpg,180,187,290,297
output/img515.jpg,181,309,231,359
output/img516.jpg,181,51,231,101
output/img517.jpg,182,139,292,249
output/img518.jpg,183,180,273,270
output/img519.jpg,184,141,254,211
output/img520.jpg,185,50,235,100
output/img521.jpg,187,112,297,222
output/img522.jpg,189,198,239,248
output/img523.jpg,18,31,68,81
output/img524.jpg,190,168,240,218
output/img525.jpg,195,266,245,316
output/img526.jpg,197,271,247,321
output/img527.jpg,198,143,288,233
output/img528.jpg,199,32,289,122
output/img529.jpg,199,79,269,149
output/img530.jpg,1,137,111,247
output/img531.jpg,1,298,51,348
output/img532.jpg,201,45,251,95
output/img533.jpg,201,74,291,164
output/img534.jpg,202,71,332,201
output/img535.jpg,203,97,253,147
output/img536.jpg,206,0,256,50
output/img537.jpg,206,192,256,242
output/img538.jpg,209,187,319,297
output/img539.jpg,210,2,300,92
output/img540.jpg,212,177,302,267
output/img541.jpg,213,1,283,71
output/img542.jpg,214,224,304,314
output/img543.jpg,215,266,285,336
output/img544.jpg,216,276,306,366
output/img545.jpg,216,41,326,151
output/img546.jpg,218,327,288,397
output/img547.jpg,220,122,330,232
output/img548.jpg,228,73,278,123
output/img549.jpg,234,241,344,351
output/img550.jpg,236,167,346,277
output/img551.jpg,236,232,306,302
output/img552.jpg,236,233,286,283
output/img553.jpg,237,63,347,173
output/img554.jpg,238,148,328,238
output/img555.jpg,238,35,328,125
output/img556.jpg,242,243,292,293
output/img557.jpg,244,113,354,223
output/img558.jpg,244,169,294,219
output/img559.jpg,245,15,295,65
output/img560.jpg,245,168,355,278
output/img561.jpg,245,239,335,329
output/img562.jpg,248,228,318,298
output/img563.jpg,249,20,299,70
output/img564.jpg,250,73,360,183
output/img565.jpg,251,50,361,160
output/img566.jpg,252,201,322,271
output/img567.jpg,253,203,363,313
output/img568.jpg,255,4,325,74
output/img569.jpg,261,110,371,220
output/img570.jpg,261,207,311,257
output/img571.jpg,266,197,376,307
output/img572.jpg,270,216,380,326
output/img573.jpg,275,197,345,267
output/img574.jpg,276,192,346,262
output/img575.jpg,276,22,326,72
output/img576.jpg,278,20,368,110
output/img577.jpg,27,125,137,235
output/img578.jpg,282,27,352,97
output/img579.jpg,283,96,353,166
output/img580.jpg,285,229,375,319
output/img581.jpg,285,318,335,368
output/img582.jpg,288,85,398,195
output/img583.jpg,289,210,379,300
output/img584.jpg,28,302,98,372
output/img585.jpg,290,313,360,383
output/img586.jpg,291,20,361,90
output/img587.jpg,294,276,344,326
output/img588.jpg,297,26,387,116
output/img589.jpg,301,208,391,298
output/img590.jpg,302,80,372,150
output/img591.jpg,303,241,393,331
output/img592.jpg,305,305,395,395
output/img593.jpg,308,163,378,233
output/img594.jpg,30,113,80,163
output/img595.jpg,315,202,365,252
output/img596.jpg,322,77,392,147
output/img597.jpg,327,62,377,112
output/img598.jpg,328,137,398,207
output/img599.jpg,329,295,379,345
output/img600.jpg,341,132,391,182
output/img601.jpg,345,36,395,86
output/img602.jpg,347,124,397,174
output/img603.jpg,38,118,148,228
output/img604.jpg,38,264,88,314
output/img605.jpg,38,329,88,379
output/img606.jpg,39,23,129,113
output/img607.jpg,42,102,112,172
output/img608.jpg,43,57,113,127
output/img609.jpg,44,209,114,279
output/img610.jpg,49,134,159,244
output/img611.jpg,50,202,140,292
output/img612.jpg,54,132,144,222
output/img613.jpg,55,33,145,123
output/img614.jpg,57,89,187,219
output/img615.jpg,58,80,148,170
output/img616.jpg,59,271,169,381
output/img617.jpg,5,120,75,190
output/img618.jpg,62,114,132,184
output/img619.jpg,63,14,173,124
output/img620.jpg,6,193,56,243
output/img621.jpg,71,39,161,129
output/img622.jpg,72,265,162,355
output/img623.jpg,74,171,184,281
output/img624.jpg,75,110,145,180
output/img625.jpg,79,192,189,302
output/img626.jpg,79,290,169,380
output/img627.jpg,81,66,191,176
output/img628.jpg,84,282,154,352
output/img629.jpg,85,29,155,99
output/img630.jpg,86,80,156,150
output/img631.jpg,87,169,177,259
output/img632.jpg,8,128,118,238
output/img633.jpg,93,80,203,190
output/img634.jpg,95,220,205,330
output/img635.jpg,9,225,119,335
output/img636.jpg,0,104,250,354
output/img637.jpg,101,32,251,182
output/img638.jpg,102,137,252,287
output/img639.jpg,105,140,305,340
output/img640.jpg,107,100,307,300
output/img641.jpg,107,160,207,260
output/img642.jpg,107,27,307,227
output/img643.jpg,107,87,307,287
output/img644.jpg,109,47,359,297
output/img645.jpg,10,0,360,350
output/img646.jpg,10,13,260,263
output/img647.jpg,113,125,313,325
output/img648.jpg,114,93,264,243
output/img649.jpg,115,259,215,359
output/img650.jpg,11,242,61,292
output/img651.jpg,120,80,370,330
output/img652.jpg,122,63,222,163
output/img653.jpg,124,163,274,313
output/img654.jpg,125,64,375,314
output/img655.jpg,126,264,226,364
output/img656.jpg,127,200,227,300
output/img657.jpg,127,90,277,240
output/img658.jpg,12,210,162,360
output/img659.jpg,130,173,280,323
output/img660.jpg,131,90,331,290
output/img661.jpg,133,77,383,327
output/img662.jpg,138,11,288,161
output/img663.jpg,141,174,191,224
output/img664.jpg,142,153,192,203
output/img665.jpg,143,95,393,345
output/img666.jpg,144,116,344,316
output/img667.jpg,144,62,394,312
output/img668.jpg,145,112,195,162
output/img669.jpg,147,194,197,244
output/img670.jpg,148,162,248,262
output/img671.jpg,148,4,398,254
output/img672.jpg,14,20,314,320
output/img673.jpg,14,232,164,382
output/img674.jpg,14,65,214,265
output/img675.jpg,159,115,259,215
output/img676.jpg,15,1,365,351
output/img677.jpg,15,41,365,391
output/img678.jpg,161,11,361,211
output/img679.jpg,172,217,322,367
output/img680.jpg,172,62,222,112
output/img681.jpg,174,120,324,270
output/img682.jpg,178,45,378,245
output/img683.jpg,179,73,379,273
output/img684.jpg,17,14,367,364
output/img685.jpg,180,29,380,229
output/img686.jpg,181,220,281,320
output/img687.jpg,183,77,283,177
output/img688.jpg,186,107,386,307
output/img689.jpg,195,27,395,227
output/img690.jpg,19,129,219,329
output/img691.jpg,1,33,351,383
output/img692.jpg,1,72,301,372
output/img693.jpg,1,98,301,398
output/img694.jpg,201,227,251,277
output/img695.jpg,202,89,302,189
output/img696.jpg,206,230,256,280
output/img697.jpg,20,46,370,396
output/img698.jpg,20,46,370,396
output/img699.jpg,225,340,275,390
output/img700.jpg,231,206,331,306
output/img701.jpg,231,6,331,106
output/img702.jpg,233,148,383,298
output/img703.jpg,23,94,323,394
output/img704.jpg,240,62,340,162
output/img705.jpg,244,111,394,261
output/img706.jpg,248,264,348,364
output/img707.jpg,24,36,374,386
output/img708.jpg,24,56,274,306
output/img709.jpg,25,92,325,392
output/img710.jpg,26,39,376,389
output/img711.jpg,26,60,326,360
output/img712.jpg,271,162,321,212
output/img713.jpg,278,209,328,259
output/img714.jpg,28,26,278,276
output/img715.jpg,297,147,347,197
output/img716.jpg,2,159,152,309
output/img717.jpg,30,7,380,357
output/img718.jpg,316,98,366,148
output/img719.jpg,32,90,332,390
output/img720.jpg,338,154,388,204
output/img721.jpg,342,109,392,159
output/img722.jpg,342,19,392,69
output/img723.jpg,34,89,234,289
output/img724.jpg,36,122,286,372
output/img725.jpg,36,49,386,399
output/img726.jpg,37,106,187,256
output/img727.jpg,37,23,387,373
output/img728.jpg,38,55,338,355
output/img729.jpg,40,49,340,349
output/img730.jpg,41,265,141,365
output/img731.jpg,41,26,141,126
output/img732.jpg,41,7,391,357
output/img733.jpg,41,83,341,383
output/img734.jpg,42,143,292,393
output/img735.jpg,43,8,343,308
output/img736.jpg,46,13,346,313
output/img737.jpg,46,23,96,73
output/img738.jpg,46,29,396,379
output/img739.jpg,48,205,98,255
output/img740.jpg,49,117,199,267
output/img741.jpg,49,11,399,361
output/img742.jpg,50,58,350,358
output/img743.jpg,50,86,150,186
output/img744.jpg,56,75,356,375
output/img745.jpg,58,165,158,265
output/img746.jpg,59,239,209,389
output/img747.jpg,59,67,309,317
output/img748.jpg,5,12,355,362
output/img749.jpg,5,37,355,387
output/img750.jpg,5,6,355,356
output/img751.jpg,60,15,360,315
output/img752.jpg,60,238,160,338
output/img753.jpg,60,66,310,316
output/img754.jpg,63,81,263,281
output/img755.jpg,66,41,316,291
output/img756.jpg,67,29,317,279
output/img757.jpg,6,35,356,385
output/img758.jpg,6,82,106,182
output/img759.jpg,70,210,220,360
output/img760.jpg,72,78,322,328
output/img761.jpg,74,144,324,394
output/img762.jpg,76,46,376,346
output/img763.jpg,77,94,377,394
output/img764.jpg,78,88,278,288
output/img765.jpg,7,10,357,360
output/img766.jpg,80,51,380,351
output/img767.jpg,80,64,330,314
output/img768.jpg,81,62,381,362
output/img769.jpg,84,333,134,383
output/img770.jpg,89,71,289,271
output/img771.jpg,92,329,142,379
output/img772.jpg,92,59,292,259
output/img773.jpg,93,18,393,318
output/img774.jpg,94,207,244,357
output/img775.jpg,9,200,159,350
output/img776.jpg,102,131,202,231
output/img777.jpg,102,156,302,356
output/img778.jpg,116,37,366,287
output/img779.jpg,117,44,367,294
output/img780.jpg,119,12,319,212
output/img781.jpg,11,128,161,278
output/img782.jpg,125,56,325,256
output/img783.jpg,126,109,176,159
output/img784.jpg,127,24,377,274
output/img785.jpg,129,131,279,281
output/img786.jpg,12,242,62,292
output/img787.jpg,12,58,262,308
output/img788.jpg,130,83,380,333
output/img789.jpg,133,238,283,388
output/img790.jpg,135,73,335,273
output/img791.jpg,13,25,313,325
output/img792.jpg,140,130,240,230
output/img793.jpg,143,174,293,324
output/img794.jpg,144,266,244,366
output/img795.jpg,146,187,346,387
output/img796.jpg,149,263,249,363
output/img797.jpg,14,14,364,364
output/img798.jpg,14,93,164,243
output/img799.jpg,151,188,351,388
output/img800.jpg,153,81,253,181
output/img801.jpg,154,101,354,301
output/img802.jpg,167,14,367,214
output/img803.jpg,16,0,316,300
output/img804.jpg,16,36,366,386
output/img805.jpg,16,41,316,341
output/img806.jpg,170,13,220,63
output/img807.jpg,172,258,222,308
output/img808.jpg,173,249,323,399
output/img809.jpg,17,1,317,301
output/img810.jpg,181,180,231,230
output/img811.jpg,185,230,335,380
output/img812.jpg,189,43,339,193
output/img813.jpg,18,102,118,202
output/img814.jpg,18,13,368,363
output/img815.jpg,18,21,318,321
output/img816.jpg,193,212,243,262
output/img817.jpg,194,1,394,201
output/img818.jpg,198,255,298,355
output/img819.jpg,199,26,399,226
output/img820.jpg,19,47,369,397
output/img821.jpg,1,69,251,319
output/img822.jpg,202,63,352,213
output/img823.jpg,20,7,370,357
output/img824.jpg,211,77,361,227
output/img825.jpg,211,95,361,245
output/img826.jpg,213,209,313,309
output/img827.jpg,213,284,313,384
output/img828.jpg,216,90,316,190
output/img829.jpg,21,34,321,334
output/img830.jpg,220,332,270,382
output/img831.jpg,221,196,321,296
output/img832.jpg,221,24,371,174
output/img833.jpg,226,337,276,387
output/img834.jpg,228,87,328,187
output/img835.jpg,22,19,372,369
output/img836.jpg,230,146,380,296
output/img837.jpg,235,210,335,310
output/img838.jpg,236,37,386,187
output/img839.jpg,242,198,392,348
output/img840.jpg,242,98,292,148
output/img841.jpg,257,82,357,182
output/img842.jpg,259,249,309,299
output/img843.jpg,259,83,309,133
output/img844.jpg,27,98,327,398
output/img845.jpg,281,8,381,108
output/img846.jpg,285,183,335,233
output/img847.jpg,286,90,386,190
output/img848.jpg,288,45,388,145
output/img849.jpg,289,59,389,159
output/img850.jpg,28,33,328,333
output/img851.jpg,290,187,340,237
output/img852.jpg,298,161,348,211
output/img853.jpg,2,46,352,396
output/img854.jpg,305,179,355,229
output/img855.jpg,307,318,357,368
output/img856.jpg,30,14,380,364
output/img857.jpg,30,54,180,204
output/img858.jpg,310,283,360,333
output/img859.jpg,31,47,381,397
output/img860.jpg,32,34,382,384
output/img861.jpg,33,6,333,306
output/img862.jpg,34,37,384,387
output/img863.jpg,36,3,286,253
output/img864.jpg,37,36,337,336
output/img865.jpg,37,4,387,354
output/img866.jpg,37,94,337,394
output/img867.jpg,39,42,389,392
output/img868.jpg,42,111,292,361
output/img869.jpg,42,36,392,386
output/img870.jpg,42,6,392,356
output/img871.jpg,43,16,343,316
output/img872.jpg,44,49,294,299
output/img873.jpg,47,32,397,382
output/img874.jpg,47,38,397,388
output/img875.jpg,4,137,104,237
output/img876.jpg,4,38,354,388
output/img877.jpg,50,143,200,293
output/img878.jpg,51,128,301,378
output/img879.jpg,51,176,251,376
output/img880.jpg,52,98,302,348
output/img881.jpg,55,54,255,254
output/img882.jpg,56,24,356,324
output/img883.jpg,57,31,357,331
output/img884.jpg,57,81,307,331
output/img885.jpg,57,86,357,386
output/img886.jpg,59,177,209,327
output/img887.jpg,59,95,259,295
output/img888.jpg,5,2,355,352
output/img889.jpg,61,7,261,207
output/img890.jpg,62,17,312,267
output/img891.jpg,64,130,314,380
output/img892.jpg,65,51,315,301
output/img893.jpg,65,91,365,391
output/img894.jpg,66,123,266,323
output/img895.jpg,66,1,316,251
output/img896.jpg,67,1,267,201
output/img897.jpg,67,4,117,54
output/img898.jpg,68,339,118,389
output/img899.jpg,6,147,206,347
output/img900.jpg,70,109,220,259
output/img901.jpg,71,209,221,359
output/img902.jpg,75,281,125,331
output/img903.jpg,77,108,277,308
output/img904.jpg,7,11,357,361
output/img905.jpg,81,91,381,391
output/img906.jpg,84,52,334,302
output/img907.jpg,86,107,336,357
output/img908.jpg,8,48,308,348
output/img909.jpg,91,119,291,319
output/img910.jpg,91,52,391,352
output/img911.jpg,94,123,344,373
output/img912.jpg,95,73,345,323
output/img913.jpg,96,202,196,302
output/img914.jpg,97,91,297,291
output/img915.jpg,9,1,309,301
output/img916.jpg,0,46,350,396
output/img917.jpg,0,50,250,300
output/img918.jpg,100,198,200,298
output/img919.jpg,100,28,350,278
output/img920.jpg,103,130,353,380
output/img921.jpg,105,172,305,372
output/img922.jpg,109,103,259,253
output/img923.jpg,10,109,110,209
output/img924.jpg,10,43,260,293
output/img925.jpg,110,29,160,79
output/img926.jpg,111,54,311,254
output/img927.jpg,113,19,263,169
output/img928.jpg,11,239,61,289
output/img929.jpg,11,257,61,307
output/img930.jpg,11,310,61,360
output/img931.jpg,124,93,324,293
output/img932.jpg,125,199,325,399
output/img933.jpg,128,116,228,216
output/img934.jpg,135,1,235,101
output/img935.jpg,13,246,163,396
output/img936.jpg,13,38,363,388
output/img937.jpg,13,41,63,91
output/img938.jpg,13,63,263,313
output/img939.jpg,142,253,192,303
output/img940.jpg,143,345,193,395
output/img941.jpg,143,77,393,327
output/img942.jpg,144,62,194,112
output/img943.jpg,149,117,299,267
output/img944.jpg,14,6,364,356
output/img945.jpg,153,11,303,161
output/img946.jpg,155,50,355,250
output/img947.jpg,159,150,209,200
output/img948.jpg,15,43,365,393
output/img949.jpg,161,155,361,355
output/img950.jpg,163,172,363,372
output/img951.jpg,163,225,313,375
output/img952.jpg,163,54,313,204
output/img953.jpg,166,150,366,350
output/img954.jpg,166,185,366,385
output/img955.jpg,166,47,366,247
output/img956.jpg,168,120,368,320
output/img957.jpg,16,108,266,358
output/img958.jpg,16,296,66,346
output/img959.jpg,170,85,270,185
output/img960.jpg,172,53,372,253
output/img961.jpg,173,102,223,152
output/img962.jpg,174,257,274,357
output/img963.jpg,175,77,275,177
output/img964.jpg,177,316,227,366
output/img965.jpg,184,240,334,390
output/img966.jpg,191,171,291,271
output/img967.jpg,194,162,294,262
output/img968.jpg,197,51,397,251
output/img969.jpg,1,52,301,352
output/img970.jpg,20,107,70,157
output/img971.jpg,20,50,270,300
output/img972.jpg,219,249,269,299
output/img973.jpg,219,69,369,219
output/img974.jpg,21,87,121,187
output/img975.jpg,226,239,376,389
output/img976.jpg,227,296,277,346
output/img977.jpg,227,50,327,150
output/img978.jpg,232,47,382,197
output/img979.jpg,233,221,283,271
output/img980.jpg,235,86,335,186
output/img981.jpg,237,260,337,360
output/img982.jpg,23,13,373,363
output/img983.jpg,243,46,393,196
output/img984.jpg,252,317,302,367
output/img985.jpg,256,283,356,383
output/img986.jpg,25,0,375,350
output/img987.jpg,25,25,375,375
output/img988.jpg,25,30,125,130
output/img989.jpg,25,48,325,348
output/img990.jpg,260,72,310,122
output/img991.jpg,26,43,176,193
output/img992.jpg,276,8,326,58
output/img993.jpg,27,160,127,260
output/img994.jpg,280,60,380,160
output/img995.jpg,283,277,333,327
output/img996.jpg,28,176,228,376
output/img997.jpg,298,189,348,239
output/img998.jpg,29,67,279,317
output/img999.jpg,2,18,352,368
output/img1000.jpg,2,63,302,363
output/img1001.jpg,30,99,130,199
output/img1002.jpg,31,56,281,306
output/img1003.jpg,320,240,370,290
output/img1004.jpg,32,31,382,381
output/img1005.jpg,33,23,383,373
output/img1006.jpg,33,81,333,381
output/img1007.jpg,346,251,396,301
output/img1008.jpg,35,26,385,376
output/img1009.jpg,36,8,136,108
output/img1010.jpg,37,42,387,392
output/img1011.jpg,38,26,388,376
output/img1012.jpg,39,28,239,228
output/img1013.jpg,3,220,153,370
output/img1014.jpg,42,83,242,283
output/img1015.jpg,43,13,393,363
output/img1016.jpg,43,2,393,352
output/img1017.jpg,44,60,294,310
output/img1018.jpg,45,12,395,362
output/img1019.jpg,45,29,395,379
output/img1020.jpg,45,46,295,296
output/img1021.jpg,45,89,295,339
output/img1022.jpg,47,29,397,379
output/img1023.jpg,48,267,98,317
output/img1024.jpg,4,141,154,291
output/img1025.jpg,50,53,350,353
output/img1026.jpg,50,85,350,385
output/img1027.jpg,51,82,351,382
output/img1028.jpg,52,47,352,347
output/img1029.jpg,53,24,203,174
output/img1030.jpg,54,180,204,330
output/img1031.jpg,55,60,355,360
output/img1032.jpg,56,158,256,358
output/img1033.jpg,57,144,307,394
output/img1034.jpg,58,10,308,260
output/img1035.jpg,60,106,310,356
output/img1036.jpg,62,105,312,355
output/img1037.jpg,66,3,316,253
output/img1038.jpg,68,59,368,359
output/img1039.jpg,69,21,119,71
output/img1040.jpg,6,173,206,373
output/img1041.jpg,71,93,371,393
output/img1042.jpg,72,76,322,326
output/img1043.jpg,74,305,124,355
output/img1044.jpg,76,29,376,329
output/img1045.jpg,77,46,227,196
output/img1046.jpg,7,1,357,351
output/img1047.jpg,84,225,184,325
output/img1048.jpg,85,48,385,348
output/img1049.jpg,86,88,386,388
output/img1050.jpg,88,70,388,370
output/img1051.jpg,8,287,58,337
output/img1052.jpg,8,46,358,396
output/img1053.jpg,8,85,308,385
output/img1054.jpg,91,44,291,244
output/img1055.jpg,91,55,391,355
output/img1056.jpg,92,59,392,359
output/img1057.jpg,93,10,393,310
output/img1058.jpg,94,15,394,315
output/img1059.jpg,98,32,348,282
output/img1060.jpg,98,96,248,246
output/img1061.jpg,99,11,249,161
output/img1062.jpg,9,98,209,298
output/img1063.jpg,102,154,152,204
output/img1064.jpg,104,103,304,303
output/img1065.jpg,105,98,255,248
output/img1066.jpg,111,130,361,380
output/img1067.jpg,113,61,363,311
output/img1068.jpg,116,11,316,211
output/img1069.jpg,118,69,318,269
output/img1070.jpg,119,41,319,241
output/img1071.jpg,119,88,369,338
output/img1072.jpg,11,185,211,385
output/img1073.jpg,11,25,311,325
output/img1074.jpg,11,37,361,387
output/img1075.jpg,122,54,322,254
output/img1076.jpg,127,132,377,382
output/img1077.jpg,12,100,62,150
output/img1078.jpg,133,10,183,60
output/img1079.jpg,134,124,334,324
output/img1080.jpg,134,152,284,302
output/img1081.jpg,135,256,235,356
output/img1082.jpg,135,49,385,299
output/img1083.jpg,138,47,288,197
output/img1084.jpg,13,55,113,155
output/img1085.jpg,13,87,263,337
output/img1086.jpg,13,96,213,296
output/img1087.jpg,143,175,293,325
output/img1088.jpg,143,191,343,391
output/img1089.jpg,143,36,393,286
output/img1090.jpg,145,22,295,172
output/img1091.jpg,14,131,214,331
output/img1092.jpg,151,178,351,378
output/img1093.jpg,154,12,304,162
output/img1094.jpg,157,51,307,201
output/img1095.jpg,160,246,210,296
output/img1096.jpg,161,47,361,247
output/img1097.jpg,163,208,263,308
output/img1098.jpg,164,35,364,235
output/img1099.jpg,166,234,266,334
output/img1100.jpg,16,4,366,354
output/img1101.jpg,175,217,225,267
output/img1102.jpg,176,289,276,389
output/img1103.jpg,178,147,278,247
output/img1104.jpg,179,3,379,203
output/img1105.jpg,185,36,335,186
output/img1106.jpg,188,115,288,215
output/img1107.jpg,193,157,393,357
output/img1108.jpg,19,2,369,352
output/img1109.jpg,19,54,269,304
output/img1110.jpg,1,69,301,369
output/img1111.jpg,201,138,301,238
output/img1112.jpg,203,278,303,378
output/img1113.jpg,204,145,354,295
output/img1114.jpg,204,230,304,330
output/img1115.jpg,207,107,357,257
output/img1116.jpg,20,19,320,319
output/img1117.jpg,215,93,265,143
output/img1118.jpg,216,102,366,252
output/img1119.jpg,21,113,271,363
output/img1120.jpg,21,20,371,370
output/img1121.jpg,225,37,375,187
output/img1122.jpg,22,13,372,363
output/img1123.jpg,22,25,372,375
output/img1124.jpg,234,199,384,349
output/img1125.jpg,239,190,339,290
output/img1126.jpg,243,74,343,174
output/img1127.jpg,247,141,397,291
output/img1128.jpg,247,95,297,145
output/img1129.jpg,25,78,275,328
output/img1130.jpg,265,321,315,371
output/img1131.jpg,267,188,317,238
output/img1132.jpg,273,271,323,321
output/img1133.jpg,278,296,378,396
output/img1134.jpg,280,46,380,146
output/img1135.jpg,28,124,278,374
output/img1136.jpg,294,74,394,174
output/img1137.jpg,29,214,179,364
output/img1138.jpg,29,52,229,252
output/img1139.jpg,308,136,358,186
output/img1140.jpg,309,349,359,399
output/img1141.jpg,316,23,366,73
output/img1142.jpg,317,235,367,285
output/img1143.jpg,31,89,331,389
output/img1144.jpg,326,159,376,209
output/img1145.jpg,32,13,382,363
output/img1146.jpg,33,277,133,377
output/img1147.jpg,34,155,134,255
output/img1148.jpg,34,78,334,378
output/img1149.jpg,35,6,285,256
output/img1150.jpg,35,8,385,358
output/img1151.jpg,38,10,338,310
output/img1152.jpg,39,11,389,361
output/img1153.jpg,40,38,390,388
output/img1154.jpg,40,47,390,397
output/img1155.jpg,41,58,341,358
output/img1156.jpg,42,19,342,319
output/img1157.jpg,44,2,394,352
output/img1158.jpg,44,38,244,238
output/img1159.jpg,46,25,396,375
output/img1160.jpg,46,6,246,206
output/img1161.jpg,47,39,397,389
output/img1162.jpg,48,117,198,267
output/img1163.jpg,48,12,398,362
output/img1164.jpg,48,8,98,58
output/img1165.jpg,49,18,399,368
output/img1166.jpg,49,73,149,173
output/img1167.jpg,4,8,354,358
output/img1168.jpg,51,259,151,359
output/img1169.jpg,51,47,351,347
output/img1170.jpg,52,138,302,388
output/img1171.jpg,57,85,257,285
output/img1172.jpg,5,235,105,335
output/img1173.jpg,5,31,355,381
output/img1174.jpg,5,78,305,378
output/img1175.jpg,61,84,311,334
output/img1176.jpg,68,7,368,307
output/img1177.jpg,70,201,220,351
output/img1178.jpg,70,45,370,345
output/img1179.jpg,72,55,372,355
output/img1180.jpg,75,96,225,246
output/img1181.jpg,76,169,226,319
output/img1182.jpg,76,8,376,308
output/img1183.jpg,78,61,378,361
output/img1184.jpg,78,76,378,376
output/img1185.jpg,7,159,157,309
output/img1186.jpg,80,31,380,331
output/img1187.jpg,80,79,330,329
output/img1188.jpg,80,98,380,398
output/img1189.jpg,82,216,132,266
output/img1190.jpg,83,79,333,329
output/img1191.jpg,85,127,335,377
output/img1192.jpg,90,111,340,361
output/img1193.jpg,91,154,291,354
output/img1194.jpg,93,72,143,122
output/img1195.jpg,93,96,393,396
output/img1196.jpg,94,225,144,275
output/img1197.jpg,94,50,394,350
output/img1198.jpg,96,59,346,309
output/img1199.jpg,97,95,347,345
output/img1200.jpg,9,128,59,178
output/img1201.jpg,0,2,100,102
output/img1202.jpg,101,147,251,297
output/img1203.jpg,101,65,351,315
output/img1204.jpg,102,152,302,352
output/img1205.jpg,111,100,361,350
output/img1206.jpg,115,47,365,297
output/img1207.jpg,117,111,267,261
output/img1208.jpg,119,111,269,261
output/img1209.jpg,126,146,376,396
output/img1210.jpg,127,36,377,286
output/img1211.jpg,127,4,377,254
output/img1212.jpg,128,142,378,392
output/img1213.jpg,129,64,279,214
output/img1214.jpg,129,71,379,321
output/img1215.jpg,12,77,262,327
output/img1216.jpg,130,145,330,345
output/img1217.jpg,133,60,333,260
output/img1218.jpg,137,16,337,216
output/img1219.jpg,139,67,389,317
output/img1220.jpg,139,74,239,174
output/img1221.jpg,145,110,345,310
output/img1222.jpg,146,157,246,257
output/img1223.jpg,148,119,348,319
output/img1224.jpg,14,83,214,283
output/img1225.jpg,152,344,202,394
output/img1226.jpg,158,233,308,383
output/img1227.jpg,161,32,361,232
output/img1228.jpg,167,171,317,321
output/img1229.jpg,168,162,318,312
output/img1230.jpg,16,72,66,122
output/img1231.jpg,171,36,371,236
output/img1232.jpg,172,247,272,347
output/img1233.jpg,174,54,324,204
output/img1234.jpg,175,231,325,381
output/img1235.jpg,181,261,281,361
output/img1236.jpg,18,17,168,167
output/img1237.jpg,18,185,218,385
output/img1238.jpg,190,209,340,359
output/img1239.jpg,194,175,394,375
output/img1240.jpg,195,139,295,239
output/img1241.jpg,195,14,295,114
output/img1242.jpg,197,51,247,101
output/img1243.jpg,19,45,219,245
output/img1244.jpg,1,49,251,299
output/img1245.jpg,208,119,258,169
output/img1246.jpg,210,239,260,289
output/img1247.jpg,216,174,366,324
output/img1248.jpg,218,164,368,314
output/img1249.jpg,21,120,171,270
output/img1250.jpg,21,194,121,294
output/img1251.jpg,21,71,321,371
output/img1252.jpg,21,81,321,381
output/img1253.jpg,220,81,370,231
output/img1254.jpg,226,248,276,298
output/img1255.jpg,230,251,280,301
output/img1256.jpg,235,53,335,153
output/img1257.jpg,238,137,388,287
output/img1258.jpg,238,138,388,288
output/img1259.jpg,242,102,292,152
output/img1260.jpg,254,184,354,284
output/img1261.jpg,25,172,225,372
output/img1262.jpg,273,21,373,121
output/img1263.jpg,279,30,329,80
output/img1264.jpg,27,100,277,350
output/img1265.jpg,281,318,331,368
output/img1266.jpg,288,178,338,228
output/img1267.jpg,292,182,392,282
output/img1268.jpg,293,38,393,138
output/img1269.jpg,294,128,394,228
output/img1270.jpg,299,298,399,398
output/img1271.jpg,29,3,229,203
output/img1272.jpg,316,199,366,249
output/img1273.jpg,318,231,368,281
output/img1274.jpg,323,79,373,129
output/img1275.jpg,329,206,379,256
output/img1276.jpg,33,6,133,106
output/img1277.jpg,35,132,185,282
output/img1278.jpg,35,8,335,308
output/img1279.jpg,36,186,186,336
output/img1280.jpg,39,345,89,395
output/img1281.jpg,41,43,91,93
output/img1282.jpg,47,149,247,349
output/img1283.jpg,48,69,148,169
output/img1284.jpg,49,8,349,308
output/img1285.jpg,55,320,105,370
output/img1286.jpg,58,169,258,369
output/img1287.jpg,61,10,311,260
output/img1288.jpg,63,91,313,341
output/img1289.jpg,67,151,167,251
output/img1290.jpg,68,119,318,369
output/img1291.jpg,68,33,368,333
output/img1292.jpg,6,150,206,350
output/img1293.jpg,73,7,173,107
output/img1294.jpg,76,138,276,338
output/img1295.jpg,76,141,326,391
output/img1296.jpg,77,234,227,384
output/img1297.jpg,79,93,329,343
output/img1298.jpg,81,145,131,195
output/img1299.jpg,82,57,282,257
output/img1300.jpg,82,91,332,341
output/img1301.jpg,86,51,336,301
output/img1302.jpg,87,37,387,337
output/img1303.jpg,88,197,288,397
output/img1304.jpg,89,41,389,341
output/img1305.jpg,94,50,344,300
output/img1306.jpg,99,290,149,340
output/img1307.jpg,99,39,199,139
output/img1308.jpg,101,155,301,355
output/img1309.jpg,102,149,302,349
output/img1310.jpg,106,10,256,160
output/img1311.jpg,106,206,206,306
output/img1312.jpg,10,72,260,322
output/img1313.jpg,114,254,214,354
output/img1314.jpg,119,187,219,287
output/img1315.jpg,125,112,175,162
output/img1316.jpg,128,105,378,355
output/img1317.jpg,128,117,328,317
output/img1318.jpg,129,246,279,396
output/img1319.jpg,134,146,384,396
output/img1320.jpg,134,240,184,290
output/img1321.jpg,141,343,191,393
output/img1322.jpg,150,24,250,124
output/img1323.jpg,159,52,359,252
output/img1324.jpg,15,189,65,239
output/img1325.jpg,162,114,312,264
output/img1326.jpg,162,194,362,394
output/img1327.jpg,167,255,217,305
output/img1328.jpg,177,90,327,240
output/img1329.jpg,184,19,334,169
output/img1330.jpg,184,234,234,284
output/img1331.jpg,187,111,337,261
output/img1332.jpg,190,73,390,273
output/img1333.jpg,192,43,242,93
output/img1334.jpg,195,240,345,390
output/img1335.jpg,195,241,295,341
output/img1336.jpg,196,154,396,354
output/img1337.jpg,1,134,201,334
output/img1338.jpg,207,199,357,349
output/img1339.jpg,20,230,170,380
output/img1340.jpg,215,68,265,118
output/img1341.jpg,224,60,374,210
output/img1342.jpg,224,70,274,120
output/img1343.jpg,229,184,329,284
output/img1344.jpg,234,123,334,223
output/img1345.jpg,237,81,287,131
output/img1346.jpg,23,113,123,213
output/img1347.jpg,241,183,291,233
output/img1348.jpg,244,36,344,136
output/img1349.jpg,246,122,346,222
output/img1350.jpg,246,46,296,96
output/img1351.jpg,24,187,224,387
output/img1352.jpg,271,56,321,106
output/img1353.jpg,291,15,391,115
output/img1354.jpg,295,59,395,159
output/img1355.jpg,301,143,351,193
output/img1356.jpg,30,43,130,143
output/img1357.jpg,330,163,380,213
output/img1358.jpg,33,140,183,290
output/img1359.jpg,35,3,185,153
output/img1360.jpg,35,90,285,340
output/img1361.jpg,41,180,91,230
output/img1362.jpg,41,57,91,107
output/img1363.jpg,41,74,291,324
output/img1364.jpg,45,195,95,245
output/img1365.jpg,4,19,204,219
output/img1366.jpg,51,71,251,271
output/img1367.jpg,53,6,303,256
output/img1368.jpg,54,86,254,286
output/img1369.jpg,54,97,254,297
output/img1370.jpg,56,11,206,161
output/img1371.jpg,56,26,206,176
output/img1372.jpg,66,75,216,225
output/img1373.jpg,67,190,267,390
output/img1374.jpg,69,198,269,398
output/img1375.jpg,6,273,106,373
output/img1376.jpg,71,104,171,204
output/img1377.jpg,73,249,123,299
output/img1378.jpg,73,67,223,217
output/img1379.jpg,74,140,324,390
output/img1380.jpg,74,36,274,236
output/img1381.jpg,74,51,224,201
output/img1382.jpg,75,185,225,335
output/img1383.jpg,75,186,175,286
output/img1384.jpg,79,95,229,245
output/img1385.jpg,7,105,207,305
output/img1386.jpg,7,41,107,141
output/img1387.jpg,82,119,332,369
output/img1388.jpg,87,151,287,351
output/img1389.jpg,89,219,239,369
output/img1390.jpg,91,149,191,249
output/img1391.jpg,91,40,191,140
output/img1392.jpg,93,18,293,218
output/img1393.jpg,93,194,293,394
output/img1394.jpg,95,197,195,297
output/img1395.jpg,96,142,346,392
output/img1396.jpg,98,216,148,266
output/img1397.jpg,9,100,259,350
output/img1398.jpg,100,225,250,375
output/img1399.jpg,101,108,351,358
output/img1400.jpg,104,75,354,325
output/img1401.jpg,107,231,207,331
output/img1402.jpg,109,17,259,167
output/img1403.jpg,109,23,359,273
output/img1404.jpg,109,278,159,328
output/img1405.jpg,10,82,210,282
output/img1406.jpg,112,199,312,399
output/img1407.jpg,115,194,215,294
output/img1408.jpg,115,51,165,101
output/img1409.jpg,119,94,319,294
output/img1410.jpg,121,109,371,359
output/img1411.jpg,121,224,221,324
output/img1412.jpg,122,73,372,323
output/img1413.jpg,122,84,172,134
output/img1414.jpg,125,85,325,285
output/img1415.jpg,127,77,327,277
output/img1416.jpg,128,42,178,92
output/img1417.jpg,128,79,378,329
output/img1418.jpg,12,21,312,321
output/img1419.jpg,12,21,362,371
output/img1420.jpg,131,28,381,278
output/img1421.jpg,131,69,381,319
output/img1422.jpg,132,189,332,389
output/img1423.jpg,135,221,285,371
output/img1424.jpg,137,281,237,381
output/img1425.jpg,13,41,263,291
output/img1426.jpg,140,106,390,356
output/img1427.jpg,141,172,291,322
output/img1428.jpg,142,94,392,344
output/img1429.jpg,147,78,297,228
output/img1430.jpg,148,148,348,348
output/img1431.jpg,148,74,248,174
output/img1432.jpg,14,14,314,314
output/img1433.jpg,14,2,314,302
output/img1434.jpg,15,35,365,385
output/img1435.jpg,160,281,260,381
output/img1436.jpg,169,162,269,262
output/img1437.jpg,16,59,166,209
output/img1438.jpg,170,92,370,292
output/img1439.jpg,171,134,221,184
output/img1440.jpg,172,183,372,383
output/img1441.jpg,175,214,325,364
output/img1442.jpg,17,138,167,288
output/img1443.jpg,17,33,367,383
output/img1444.jpg,182,77,332,227
output/img1445.jpg,186,90,386,290
output/img1446.jpg,18,105,268,355
output/img1447.jpg,18,187,218,387
output/img1448.jpg,18,74,318,374
output/img1449.jpg,19,143,69,193
output/img1450.jpg,19,32,369,382
output/img1451.jpg,201,109,251,159
output/img1452.jpg,201,95,251,145
output/img1453.jpg,206,1,356,151
output/img1454.jpg,216,121,266,171
output/img1455.jpg,216,54,366,204
output/img1456.jpg,217,118,367,268
output/img1457.jpg,21,157,221,357
output/img1458.jpg,21,18,271,268
output/img1459.jpg,224,43,374,193
output/img1460.jpg,226,297,326,397
output/img1461.jpg,229,42,379,192
output/img1462.jpg,233,180,383,330
output/img1463.jpg,233,238,383,388
output/img1464.jpg,234,183,384,333
output/img1465.jpg,23,250,123,350
output/img1466.jpg,243,225,293,275
output/img1467.jpg,24,20,374,370
output/img1468.jpg,257,220,357,320
output/img1469.jpg,270,150,320,200
output/img1470.jpg,273,204,373,304
output/img1471.jpg,274,207,374,307
output/img1472.jpg,275,151,325,201
output/img1473.jpg,279,49,329,99
output/img1474.jpg,280,170,330,220
output/img1475.jpg,28,22,378,372
output/img1476.jpg,294,136,394,236
output/img1477.jpg,294,186,344,236
output/img1478.jpg,29,40,379,390
output/img1479.jpg,30,2,80,52
output/img1480.jpg,31,295,81,345
output/img1481.jpg,32,88,332,388
output/img1482.jpg,33,0,383,350
output/img1483.jpg,33,263,83,313
output/img1484.jpg,34,27,384,377
output/img1485.jpg,34,38,384,388
output/img1486.jpg,35,57,185,207
output/img1487.jpg,39,28,389,378
output/img1488.jpg,3,21,353,371
output/img1489.jpg,3,42,353,392
output/img1490.jpg,3,5,353,355
output/img1491.jpg,41,173,191,323
output/img1492.jpg,41,223,141,323
output/img1493.jpg,41,281,141,381
output/img1494.jpg,41,2,391,352
output/img1495.jpg,41,35,391,385
output/img1496.jpg,41,41,341,341
output/img1497.jpg,42,178,242,378
output/img1498.jpg,44,35,394,385
output/img1499.jpg,44,8,394,358
output/img1500.jpg,46,48,196,198
output/img1501.jpg,47,283,147,383
output/img1502.jpg,48,19,398,369
output/img1503.jpg,48,24,348,324
output/img1504.jpg,49,114,299,364
output/img1505.jpg,4,156,204,356
output/img1506.jpg,51,12,351,312
output/img1507.jpg,52,88,252,288
output/img1508.jpg,53,224,153,324
output/img1509.jpg,54,8,354,308
output/img1510.jpg,58,11,358,311
output/img1511.jpg,5,46,205,246
output/img1512.jpg,60,69,110,119
output/img1513.jpg,63,22,313,272
output/img1514.jpg,63,69,263,269
output/img1515.jpg,67,133,267,333
output/img1516.jpg,67,78,367,378
output/img1517.jpg,68,277,168,377
output/img1518.jpg,6,19,356,369
output/img1519.jpg,6,207,106,307
output/img1520.jpg,70,148,320,398
output/img1521.jpg,70,68,370,368
output/img1522.jpg,71,119,321,369
output/img1523.jpg,76,29,176,129
output/img1524.jpg,76,35,376,335
output/img1525.jpg,77,72,377,372
output/img1526.jpg,77,84,277,284
output/img1527.jpg,79,49,379,349
output/img1528.jpg,7,70,307,370
output/img1529.jpg,7,83,257,333
output/img1530.jpg,80,89,380,389
output/img1531.jpg,87,29,387,329
output/img1532.jpg,89,110,289,310
output/img1533.jpg,89,59,339,309
output/img1534.jpg,90,64,390,364
output/img1535.jpg,95,128,345,378
output/img1536.jpg,96,143,146,193
output/img1537.jpg,98,36,398,336
output/img1538.jpg,0,40,70,110
output/img1539.jpg,100,85,230,215
output/img1540.jpg,101,113,251,263
output/img1541.jpg,101,237,171,307
output/img1542.jpg,102,257,172,327
output/img1543.jpg,103,244,253,394
output/img1544.jpg,103,34,173,104
output/img1545.jpg,104,75,294,265
output/img1546.jpg,105,109,235,239
output/img1547.jpg,105,76,215,186
output/img1548.jpg,107,162,277,332
output/img1549.jpg,107,299,177,369
output/img1550.jpg,109,225,239,355
output/img1551.jpg,10,144,140,274
output/img1552.jpg,10,235,160,385
output/img1553.jpg,10,307,100,397
output/img1554.jpg,110,123,240,253
output/img1555.jpg,110,200,280,370
output/img1556.jpg,110,234,260,384
output/img1557.jpg,110,242,160,292
output/img1558.jpg,110,261,240,391
output/img1559.jpg,111,0,301,190
output/img1560.jpg,112,127,302,317
output/img1561.jpg,112,14,302,204
output/img1562.jpg,113,155,183,225
output/img1563.jpg,113,157,303,347
output/img1564.jpg,113,228,203,318
output/img1565.jpg,113,99,283,269
output/img1566.jpg,116,25,246,155
output/img1567.jpg,117,139,267,289
output/img1568.jpg,117,42,187,112
output/img1569.jpg,118,52,308,242
output/img1570.jpg,119,182,169,232
output/img1571.jpg,119,90,209,180
output/img1572.jpg,11,138,181,308
output/img1573.jpg,11,3,121,113
output/img1574.jpg,123,154,233,264
output/img1575.jpg,123,26,213,116
output/img1576.jpg,123,37,233,147
output/img1577.jpg,123,63,293,233
output/img1578.jpg,125,67,195,137
output/img1579.jpg,126,108,316,298
output/img1580.jpg,126,60,256,190
output/img1581.jpg,127,174,277,324
output/img1582.jpg,128,127,238,237
output/img1583.jpg,129,69,279,219
output/img1584.jpg,12,128,122,238
output/img1585.jpg,131,172,241,282
output/img1586.jpg,133,110,323,300
output/img1587.jpg,135,215,225,305
output/img1588.jpg,137,102,227,192
output/img1589.jpg,137,13,327,203
output/img1590.jpg,138,15,268,145
output/img1591.jpg,138,182,308,352
output/img1592.jpg,140,31,190,81
output/img1593.jpg,142,170,292,320
output/img1594.jpg,145,202,255,312
output/img1595.jpg,146,133,336,323
output/img1596.jpg,146,54,216,124
output/img1597.jpg,147,236,297,386
output/img1598.jpg,149,126,199,176
output/img1599.jpg,149,285,239,375
output/img1600.jpg,14,209,204,399
output/img1601.jpg,14,76,204,266
output/img1602.jpg,150,101,340,291
output/img1603.jpg,152,243,302,393
output/img1604.jpg,153,50,203,100
output/img1605.jpg,154,191,324,361
output/img1606.jpg,156,155,306,305
output/img1607.jpg,157,133,267,243
output/img1608.jpg,157,15,267,125
output/img1609.jpg,157,20,327,190
output/img1610.jpg,157,243,267,353
output/img1611.jpg,158,3,348,193
output/img1612.jpg,159,289,229,359
output/img1613.jpg,15,37,65,87
output/img1614.jpg,160,225,210,275
output/img1615.jpg,160,265,290,395
output/img1616.jpg,162,122,332,292
output/img1617.jpg,162,41,312,191
output/img1618.jpg,163,102,253,192
output/img1619.jpg,163,309,233,379
output/img1620.jpg,163,83,353,273
output/img1621.jpg,167,14,257,104
output/img1622.jpg,168,114,278,224
output/img1623.jpg,168,156,298,286
output/img1624.jpg,172,208,342,378
output/img1625.jpg,173,167,343,337
output/img1626.jpg,173,193,343,363
output/img1627.jpg,173,29,303,159
output/img1628.jpg,174,149,284,259
output/img1629.jpg,174,196,304,326
output/img1630.jpg,174,239,224,289
output/img1631.jpg,175,225,325,375
output/img1632.jpg,175,70,325,220
output/img1633.jpg,176,46,366,236
output/img1634.jpg,177,188,227,238
output/img1635.jpg,178,298,268,388
output/img1636.jpg,17,211,147,341
output/img1637.jpg,17,214,67,264
output/img1638.jpg,17,92,127,202
output/img1639.jpg,181,200,351,370
output/img1640.jpg,181,90,351,260
output/img1641.jpg,187,262,297,372
output/img1642.jpg,188,162,318,292
output/img1643.jpg,188,249,318,379
output/img1644.jpg,189,238,259,308
output/img1645.jpg,18,37,148,167
output/img1646.jpg,18,59,168,209
output/img1647.jpg,190,79,340,229
output/img1648.jpg,191,120,341,270
output/img1649.jpg,192,9,262,79
output/img1650.jpg,194,226,284,316
output/img1651.jpg,194,91,344,241
output/img1652.jpg,195,179,365,349
output/img1653.jpg,197,65,327,195
output/img1654.jpg,198,116,268,186
output/img1655.jpg,19,207,189,377
output/img1656.jpg,19,211,89,281
output/img1657.jpg,19,259,109,349
output/img1658.jpg,200,178,310,288
output/img1659.jpg,201,63,311,173
output/img1660.jpg,203,135,373,305
output/img1661.jpg,205,330,255,380
output/img1662.jpg,205,66,355,216
output/img1663.jpg,206,9,396,199
output/img1664.jpg,207,101,277,171
output/img1665.jpg,207,19,377,189
output/img1666.jpg,207,210,337,340
output/img1667.jpg,207,329,257,379
output/img1668.jpg,207,3,357,153
output/img1669.jpg,207,60,317,170
output/img1670.jpg,209,193,339,323
output/img1671.jpg,209,248,359,398
output/img1672.jpg,20,28,190,198
output/img1673.jpg,20,319,90,389
output/img1674.jpg,20,56,170,206
output/img1675.jpg,20,90,110,180
output/img1676.jpg,210,157,300,247
output/img1677.jpg,210,257,300,347
output/img1678.jpg,211,289,321,399
output/img1679.jpg,212,170,382,340
output/img1680.jpg,212,195,302,285
output/img1681.jpg,213,127,323,237
output/img1682.jpg,213,165,363,315
output/img1683.jpg,213,87,283,157
output/img1684.jpg,214,151,364,301
output/img1685.jpg,214,68,304,158
output/img1686.jpg,215,166,345,296
output/img1687.jpg,215,23,345,153
output/img1688.jpg,217,210,327,320
output/img1689.jpg,218,128,328,238
output/img1690.jpg,218,235,268,285
output/img1691.jpg,218,5,308,95
output/img1692.jpg,219,110,389,280
output/img1693.jpg,219,156,369,306
output/img1694.jpg,21,185,91,255
output/img1695.jpg,222,104,292,174
output/img1696.jpg,223,112,353,242
output/img1697.jpg,226,140,296,210
output/img1698.jpg,227,296,277,346
output/img1699.jpg,229,244,379,394
output/img1700.jpg,229,90,319,180
output/img1701.jpg,230,178,320,268
output/img1702.jpg,232,134,382,284
output/img1703.jpg,232,7,282,57
output/img1704.jpg,233,79,383,229
output/img1705.jpg,234,102,364,232
output/img1706.jpg,235,55,325,145
output/img1707.jpg,236,249,366,379
output/img1708.jpg,239,197,369,327
output/img1709.jpg,23,294,113,384
output/img1710.jpg,241,144,291,194
output/img1711.jpg,241,3,391,153
output/img1712.jpg,242,277,292,327
output/img1713.jpg,244,231,294,281
output/img1714.jpg,245,9,315,79
output/img1715.jpg,246,0,316,70
output/img1716.jpg,247,282,337,372
output/img1717.jpg,248,151,338,241
output/img1718.jpg,252,281,362,391
output/img1719.jpg,252,287,302,337
output/img1720.jpg,253,178,303,228
output/img1721.jpg,255,186,385,316
output/img1722.jpg,257,224,387,354
output/img1723.jpg,257,38,387,168
output/img1724.jpg,258,183,368,293
output/img1725.jpg,259,190,329,260
output/img1726.jpg,25,74,155,204
output/img1727.jpg,260,152,350,242
output/img1728.jpg,260,76,310,126
output/img1729.jpg,261,272,371,382
output/img1730.jpg,261,35,331,105
output/img1731.jpg,262,179,352,269
output/img1732.jpg,264,154,314,204
output/img1733.jpg,265,134,375,244
output/img1734.jpg,265,272,315,322
output/img1735.jpg,267,41,397,171
output/img1736.jpg,26,178,136,288
output/img1737.jpg,270,176,340,246
output/img1738.jpg,270,285,320,335
output/img1739.jpg,273,161,383,271
output/img1740.jpg,275,35,365,125
output/img1741.jpg,277,80,367,170
output/img1742.jpg,280,10,390,120
output/img1743.jpg,283,216,373,306
output/img1744.jpg,285,93,355,163
output/img1745.jpg,286,123,336,173
output/img1746.jpg,288,182,358,252
output/img1747.jpg,28,99,218,289
output/img1748.jpg,292,115,342,165
output/img1749.jpg,294,303,384,393
output/img1750.jpg,297,253,347,303
output/img1751.jpg,299,100,389,190
output/img1752.jpg,29,163,199,333
output/img1753.jpg,2,42,52,92
output/img1754.jpg,302,17,372,87
output/img1755.jpg,308,321,358,371
output/img1756.jpg,313,79,383,149
output/img1757.jpg,317,13,387,83
output/img1758.jpg,320,268,390,338
output/img1759.jpg,321,151,391,221
output/img1760.jpg,324,281,374,331
output/img1761.jpg,325,178,395,248
output/img1762.jpg,32,132,182,282
output/img1763.jpg,32,133,142,243
output/img1764.jpg,342,106,392,156
output/img1765.jpg,344,184,394,234
output/img1766.jpg,346,14,396,64
output/img1767.jpg,35,55,185,205
output/img1768.jpg,37,28,107,98
output/img1769.jpg,39,133,109,203
output/img1770.jpg,39,185,209,355
output/img1771.jpg,39,204,209,374
output/img1772.jpg,41,164,171,294
output/img1773.jpg,41,245,91,295
output/img1774.jpg,41,89,151,199
output/img1775.jpg,42,113,212,283
output/img1776.jpg,43,94,133,184
output/img1777.jpg,45,159,235,349
output/img1778.jpg,47,155,97,205
output/img1779.jpg,47,84,177,214
output/img1780.jpg,48,106,218,276
output/img1781.jpg,48,59,158,169
output/img1782.jpg,48,85,238,275
output/img1783.jpg,4,110,114,220
output/img1784.jpg,4,218,114,328
output/img1785.jpg,50,72,100,122
output/img1786.jpg,51,195,241,385
output/img1787.jpg,51,87,241,277
output/img1788.jpg,52,114,182,244
output/img1789.jpg,53,125,203,275
output/img1790.jpg,54,220,104,270
output/img1791.jpg,54,32,204,182
output/img1792.jpg,56,124,206,274
output/img1793.jpg,58,52,168,162
output/img1794.jpg,59,248,149,338
output/img1795.jpg,59,49,189,179
output/img1796.jpg,60,162,250,352
output/img1797.jpg,61,165,231,335
output/img1798.jpg,61,243,191,373
output/img1799.jpg,63,117,173,227
output/img1800.jpg,66,129,256,319
output/img1801.jpg,66,214,236,384
output/img1802.jpg,66,22,256,212
output/img1803.jpg,68,148,258,338
output/img1804.jpg,69,54,259,244
output/img1805.jpg,6,13,96,103
output/img1806.jpg,70,130,240,300
output/img1807.jpg,70,184,200,314
output/img1808.jpg,71,85,241,255
output/img1809.jpg,72,82,182,192
output/img1810.jpg,73,279,123,329
output/img1811.jpg,74,104,164,194
output/img1812.jpg,74,180,184,290
output/img1813.jpg,74,9,244,179
output/img1814.jpg,75,48,225,198
output/img1815.jpg,78,209,228,359
output/img1816.jpg,78,8,188,118
output/img1817.jpg,7,203,157,353
output/img1818.jpg,7,264,137,394
output/img1819.jpg,80,185,130,235
output/img1820.jpg,80,45,250,215
output/img1821.jpg,81,253,171,343
output/img1822.jpg,82,256,172,346
output/img1823.jpg,83,158,253,328
output/img1824.jpg,83,187,253,357
output/img1825.jpg,84,72,254,242
output/img1826.jpg,85,37,255,207
output/img1827.jpg,87,231,217,361
output/img1828.jpg,87,322,157,392
output/img1829.jpg,87,9,157,79
output/img1830.jpg,88,58,238,208
output/img1831.jpg,8,140,138,270
output/img1832.jpg,90,53,200,163
output/img1833.jpg,91,119,261,289
output/img1834.jpg,91,125,181,215
output/img1835.jpg,92,203,142,253
output/img1836.jpg,92,62,242,212
output/img1837.jpg,93,55,263,225
output/img1838.jpg,94,130,264,300
output/img1839.jpg,94,162,284,352
output/img1840.jpg,94,95,184,185
output/img1841.jpg,95,88,185,178
output/img1842.jpg,98,147,168,217
output/img1843.jpg,98,316,168,386
output/img1844.jpg,99,118,289,308
output/img1845.jpg,99,141,269,311
output/img1846.jpg,9,232,159,382
output/img1847.jpg,101,72,191,162
output/img1848.jpg,103,271,213,381
output/img1849.jpg,106,149,156,199
output/img1850.jpg,10,8,60,58
output/img1851.jpg,111,262,181,332
output/img1852.jpg,117,110,187,180
output/img1853.jpg,125,162,215,252
output/img1854.jpg,129,133,219,223
output/img1855.jpg,129,37,219,127
output/img1856.jpg,130,41,240,151
output/img1857.jpg,131,220,241,330
output/img1858.jpg,132,64,222,154
output/img1859.jpg,137,106,247,216
output/img1860.jpg,147,290,237,380
output/img1861.jpg,153,242,223,312
output/img1862.jpg,157,217,247,307
output/img1863.jpg,158,38,208,88
output/img1864.jpg,159,72,229,142
output/img1865.jpg,15,255,125,365
output/img1866.jpg,15,89,85,159
output/img1867.jpg,160,190,250,280
output/img1868.jpg,164,238,254,328
output/img1869.jpg,166,144,216,194
output/img1870.jpg,169,17,219,67
output/img1871.jpg,170,193,220,243
output/img1872.jpg,171,47,261,137
output/img1873.jpg,174,149,224,199
output/img1874.jpg,175,251,285,361
output/img1875.jpg,176,209,246,279
output/img1876.jpg,17,179,107,269
output/img1877.jpg,17,192,107,282
output/img1878.jpg,181,168,231,218
output/img1879.jpg,182,178,272,268
output/img1880.jpg,183,244,233,294
output/img1881.jpg,184,88,274,178
output/img1882.jpg,186,89,236,139
output/img1883.jpg,188,22,298,132
output/img1884.jpg,188,273,278,363
output/img1885.jpg,18,158,68,208
output/img1886.jpg,18,39,128,149
output/img1887.jpg,192,60,282,150
output/img1888.jpg,196,151,306,261
output/img1889.jpg,199,295,289,385
output/img1890.jpg,200,279,290,369
output/img1891.jpg,206,53,316,163
output/img1892.jpg,210,120,280,190
output/img1893.jpg,210,31,300,121
output/img1894.jpg,213,117,303,207
output/img1895.jpg,213,323,283,393
output/img1896.jpg,214,69,324,179
output/img1897.jpg,217,171,327,281
output/img1898.jpg,217,234,287,304
output/img1899.jpg,217,30,287,100
output/img1900.jpg,218,71,268,121
output/img1901.jpg,222,257,292,327
output/img1902.jpg,223,31,273,81
output/img1903.jpg,226,236,336,346
output/img1904.jpg,229,251,339,361
output/img1905.jpg,229,290,319,380
output/img1906.jpg,231,220,281,270
output/img1907.jpg,232,99,302,169
output/img1908.jpg,234,210,324,300
output/img1909.jpg,235,78,345,188
output/img1910.jpg,236,147,326,237
output/img1911.jpg,237,37,347,147
output/img1912.jpg,238,55,348,165
output/img1913.jpg,240,130,310,200
output/img1914.jpg,240,148,310,218
output/img1915.jpg,241,113,331,203
output/img1916.jpg,241,117,351,227
output/img1917.jpg,244,108,314,178
output/img1918.jpg,244,161,314,231
output/img1919.jpg,244,56,314,126
output/img1920.jpg,245,132,295,182
output/img1921.jpg,249,165,299,215
output/img1922.jpg,249,76,319,146
output/img1923.jpg,24,37,94,107
output/img1924.jpg,251,143,321,213
output/img1925.jpg,251,52,321,122
output/img1926.jpg,257,121,327,191
output/img1927.jpg,258,35,308,85
output/img1928.jpg,259,140,329,210
output/img1929.jpg,262,28,372,138
output/img1930.jpg,263,171,353,261
output/img1931.jpg,265,69,315,119
output/img1932.jpg,268,199,338,269
output/img1933.jpg,269,170,339,240
output/img1934.jpg,269,257,379,367
output/img1935.jpg,271,222,321,272
output/img1936.jpg,272,160,342,230
output/img1937.jpg,272,51,342,121
output/img1938.jpg,278,267,368,357
output/img1939.jpg,280,0,350,70
output/img1940.jpg,280,146,370,236
output/img1941.jpg,281,211,391,321
output/img1942.jpg,281,233,371,323
output/img1943.jpg,284,123,394,233
output/img1944.jpg,287,85,337,135
output/img1945.jpg,288,178,338,228
output/img1946.jpg,28,39,78,89
output/img1947.jpg,292,222,362,292
output/img1948.jpg,293,222,383,312
output/img1949.jpg,295,187,345,237
output/img1950.jpg,297,204,367,274
output/img1951.jpg,298,307,388,397
output/img1952.jpg,301,122,351,172
output/img1953.jpg,303,159,353,209
output/img1954.jpg,304,187,374,257
output/img1955.jpg,305,272,375,342
output/img1956.jpg,310,284,380,354
output/img1957.jpg,310,299,360,349
output/img1958.jpg,312,287,362,337
output/img1959.jpg,317,172,367,222
output/img1960.jpg,323,85,393,155
output/img1961.jpg,32,205,142,315
output/img1962.jpg,32,55,82,105
output/img1963.jpg,331,347,381,397
output/img1964.jpg,343,224,393,274
output/img1965.jpg,35,253,145,363
output/img1966.jpg,36,306,126,396
output/img1967.jpg,37,100,147,210
output/img1968.jpg,40,193,150,303
output/img1969.jpg,42,4,152,114
output/img1970.jpg,44,316,114,386
output/img1971.jpg,46,288,136,378
output/img1972.jpg,47,289,157,399
output/img1973.jpg,49,208,99,258
output/img1974.jpg,4,298,94,388
output/img1975.jpg,56,306,106,356
output/img1976.jpg,58,63,108,113
output/img1977.jpg,59,179,169,289
output/img1978.jpg,59,60,109,110
output/img1979.jpg,5,288,115,398
output/img1980.jpg,63,270,133,340
output/img1981.jpg,64,229,154,319
output/img1982.jpg,64,9,174,119
output/img1983.jpg,67,165,177,275
output/img1984.jpg,68,225,118,275
output/img1985.jpg,68,266,178,376
output/img1986.jpg,71,186,121,236
output/img1987.jpg,71,26,161,116
output/img1988.jpg,72,252,122,302
output/img1989.jpg,76,230,186,340
output/img1990.jpg,76,329,126,379
output/img1991.jpg,81,253,171,343
output/img1992.jpg,84,60,154,130
output/img1993.jpg,85,141,155,211
output/img1994.jpg,87,203,177,293
output/img1995.jpg,8,250,118,360
output/img1996.jpg,8,272,98,362
output/img1997.jpg,92,130,182,220
output/img1998.jpg,96,175,146,225
output/img1999.jpg,97,150,207,260
output/img2000.jpg,98,130,168,200
output/img2001.jpg,99,188,189,278
output/img2002.jpg,9,113,79,183
output/img2003.jpg,10,31,100,121
output/img2004.jpg,112,185,202,275
output/img2005.jpg,115,173,205,263
output/img2006.jpg,116,180,166,230
output/img2007.jpg,117,247,207,337
output/img2008.jpg,119,109,229,219
output/img2009.jpg,119,53,209,143
output/img2010.jpg,11,57,81,127
output/img2011.jpg,120,88,190,158
output/img2012.jpg,123,208,213,298
output/img2013.jpg,123,233,213,323
output/img2014.jpg,126,34,196,104
output/img2015.jpg,128,210,238,320
output/img2016.jpg,132,195,202,265
output/img2017.jpg,132,277,242,387
output/img2018.jpg,133,142,243,252
output/img2019.jpg,133,219,183,269
output/img2020.jpg,141,17,251,127
output/img2021.jpg,143,184,253,294
output/img2022.jpg,143,327,193,377
output/img2023.jpg,144,78,194,128
output/img2024.jpg,147,180,257,290
output/img2025.jpg,147,209,197,259
output/img2026.jpg,152,187,202,237
output/img2027.jpg,154,294,204,344
output/img2028.jpg,156,268,246,358
output/img2029.jpg,158,44,248,134
output/img2030.jpg,15,245,85,315
output/img2031.jpg,161,167,211,217
output/img2032.jpg,162,105,232,175
output/img2033.jpg,162,139,252,229
output/img2034.jpg,164,103,234,173
output/img2035.jpg,164,233,214,283
output/img2036.jpg,164,238,254,328
output/img2037.jpg,165,337,215,387
output/img2038.jpg,173,100,243,170
output/img2039.jpg,175,141,245,211
output/img2040.jpg,175,278,245,348
output/img2041.jpg,176,84,286,194
output/img2042.jpg,178,178,248,248
output/img2043.jpg,179,254,289,364
output/img2044.jpg,179,264,269,354
output/img2045.jpg,181,221,251,291
output/img2046.jpg,187,206,297,316
output/img2047.jpg,187,282,257,352
output/img2048.jpg,188,76,238,126
output/img2049.jpg,18,234,108,324
output/img2050.jpg,194,81,264,151
output/img2051.jpg,195,111,265,181
output/img2052.jpg,195,247,245,297
output/img2053.jpg,19,109,109,199
output/img2054.jpg,19,169,129,279
output/img2055.jpg,200,79,290,169
output/img2056.jpg,202,275,292,365
output/img2057.jpg,204,186,294,276
output/img2058.jpg,211,303,261,353
output/img2059.jpg,212,174,322,284
output/img2060.jpg,212,291,282,361
output/img2061.jpg,213,52,263,102
output/img2062.jpg,216,183,266,233
output/img2063.jpg,217,47,327,157
output/img2064.jpg,218,196,308,286
output/img2065.jpg,21,133,131,243
output/img2066.jpg,221,146,311,236
output/img2067.jpg,222,301,292,371
output/img2068.jpg,223,304,313,394
output/img2069.jpg,224,192,314,282
output/img2070.jpg,226,78,316,168
output/img2071.jpg,235,170,325,260
output/img2072.jpg,236,50,286,100
output/img2073.jpg,239,280,309,350
output/img2074.jpg,243,17,313,87
output/img2075.jpg,248,170,298,220
output/img2076.jpg,248,42,338,132
output/img2077.jpg,250,101,320,171
output/img2078.jpg,251,191,321,261
output/img2079.jpg,255,129,325,199
output/img2080.jpg,258,192,348,282
output/img2081.jpg,259,129,349,219
output/img2082.jpg,25,62,135,172
output/img2083.jpg,25,91,95,161
output/img2084.jpg,263,235,313,285
output/img2085.jpg,264,116,334,186
output/img2086.jpg,264,236,354,326
output/img2087.jpg,265,246,315,296
output/img2088.jpg,266,64,336,134
output/img2089.jpg,267,135,317,185
output/img2090.jpg,268,268,338,338
output/img2091.jpg,275,171,325,221
output/img2092.jpg,277,142,367,232
output/img2093.jpg,277,225,367,315
output/img2094.jpg,280,38,350,108
output/img2095.jpg,281,222,331,272
output/img2096.jpg,282,273,392,383
output/img2097.jpg,283,147,353,217
output/img2098.jpg,286,87,376,177
output/img2099.jpg,288,126,378,216
output/img2100.jpg,28,245,98,315
output/img2101.jpg,294,106,364,176
output/img2102.jpg,294,337,344,387
output/img2103.jpg,299,135,349,185
output/img2104.jpg,300,188,370,258
output/img2105.jpg,306,23,396,113
output/img2106.jpg,309,18,399,108
output/img2107.jpg,30,264,80,314
output/img2108.jpg,321,255,371,305
output/img2109.jpg,322,288,392,358
output/img2110.jpg,323,19,373,69
output/img2111.jpg,327,226,377,276
output/img2112.jpg,332,145,382,195
output/img2113.jpg,347,185,397,235
output/img2114.jpg,40,39,150,149
output/img2115.jpg,43,70,113,140
output/img2116.jpg,45,275,155,385
output/img2117.jpg,46,103,96,153
output/img2118.jpg,48,111,98,161
output/img2119.jpg,50,108,100,158
output/img2120.jpg,50,193,120,263
output/img2121.jpg,51,293,121,363
output/img2122.jpg,59,53,109,103
output/img2123.jpg,59,90,149,180
output/img2124.jpg,68,208,178,318
output/img2125.jpg,69,210,159,300
output/img2126.jpg,69,83,159,173
output/img2127.jpg,6,189,96,279
output/img2128.jpg,70,146,140,216
output/img2129.jpg,71,158,121,208
output/img2130.jpg,72,192,162,282
output/img2131.jpg,78,244,168,334
output/img2132.jpg,78,48,188,158
output/img2133.jpg,80,131,130,181
output/img2134.jpg,80,230,130,280
output/img2135.jpg,81,27,151,97
output/img2136.jpg,85,113,155,183
output/img2137.jpg,85,42,155,112
output/img2138.jpg,87,90,137,140
output/img2139.jpg,8,272,78,342
output/img2140.jpg,91,150,181,240
output/img2141.jpg,96,140,206,250
output/img2142.jpg,98,118,148,168
output/img2143.jpg,98,292,148,342
